pmid,journal,doi,issn
15588140,Physiol Res,,0862-8408
17487399,Oncol Rep,,1021-335X
12894873,Arch Immunol Ther Exp (Warsz),,0004-069X
25593506,Mol Vis,,1090-0535
18837167,Folia Microbiol (Praha),,0015-5632
16448026,Proc IEEE Comput Syst Bioinform Conf,,1551-7497
15717629,Ren Fail,,0886-022X
18357784,Ukr Biokhim Zh (1999),,
23705366,Zhong Yao Cai,,1001-4454
12552230,Med Sci Monit,,1234-1010
18522317,Mikrobiologiia,,0026-3656
19505049,Tsitologiia,,0041-3771
15730731,Zhonghua Nei Ke Za Zhi,,0578-1426
21090248,Mol Biol (Mosk),,0026-8984
18845083,Xi Bao Yu Fen Zi Mian Yi Xue Za Zhi,,1007-8738
14607699,Hepatobiliary Pancreat Dis Int,,1499-3872
21870744,Rev Med Chir Soc Med Nat Iasi,,0048-7848
12591739,Cancer Res,,0008-5472
16736579,Wei Sheng Wu Xue Bao,,0001-6209
23967743,Zhonghua Gan Zang Bing Za Zhi,,1007-3418
16083071,J Egypt Soc Parasitol,,1110-0583
32269710,Am J Transl Res,,1943-8141
22272439,Fiziol Zh (1994),,2522-9028
11507035,Cancer Res,,0008-5472
17557508,Pediatr Med Chir,,0391-5387
23106891,Chin Med J (Engl),,2542-5641
24340612,Patol Fiziol Eksp Ter,,0031-2991
28868265,Int J Mol Cell Med,,2251-9637
23401660,Mol Vis,,1090-0535
15862139,Xi Bao Yu Fen Zi Mian Yi Xue Za Zhi,,1007-8738
26927381,Xi Bao Yu Fen Zi Mian Yi Xue Za Zhi,,1007-8738
12429929,Cell Cycle,,1538-4101
11522658,Cancer Res,,0008-5472
25427372,Radiats Biol Radioecol,,0869-8031
25924424,Sichuan Da Xue Xue Bao Yi Xue Ban,,1672-173X
16267391,Mol Cells,,1016-8478
17094454,Anticancer Res,,0250-7005
12006994,Sheng Wu Hua Xue Yu Sheng Wu Wu Li Xue Bao (Shanghai),,0582-9879
31894109,J Biosci,,0973-7138
16954561,J Nucl Med,,0161-5505
19140324,Mol Biol (Mosk),,0026-8984
17786371,Oncol Rep,,1021-335X
10949039,Mol Cell,,1097-2765
12208749,Cancer Res,,0008-5472
22582640,Guang Pu Xue Yu Guang Pu Fen Xi,,1000-0593
18425351,Int J Mol Med,,1107-3756
22523288,In Vivo,,1791-7549
25638378,Neuro Endocrinol Lett,,0172-780X
24461182,Zhongguo Dang Dai Er Ke Za Zhi,,1008-8830
19499796,Sheng Wu Yi Xue Gong Cheng Xue Za Zhi,,1001-5515
22489458,Wei Sheng Wu Xue Bao,,0001-6209
24796740,Xi Bao Yu Fen Zi Mian Yi Xue Za Zhi,,1007-8738
19404544,Thromb Haemost,,0340-6245
23106778,Curr Comput Aided Drug Des,,1875-6697
17003921,Thromb Haemost,,0340-6245
26045842,Int J Clin Exp Pathol,,1936-2625
15665304,Cancer Res,,0008-5472
16865282,Int J Oncol,,1019-6439
19338204,Ginekol Pol,,0017-0011
16755512,Genet Mol Res,,1676-5680
12765337,Mol Med,,1076-1551
12516957,Mol Cancer Ther,,1535-7163
19236749,Zhongguo Shi Yan Xue Ye Xue Za Zhi,,1009-2137
11038408,Exp Physiol,,0958-0670
19462896,Sichuan Da Xue Xue Bao Yi Xue Ban,,1672-173X
18353217,Zhonghua Yi Xue Za Zhi,,0376-2491
15999806,Novartis Found Symp,,1528-2511
16080574,Anticancer Res,,0250-7005
16869291,Ross Fiziol Zh Im I M Sechenova,,0869-8139
15862135,Xi Bao Yu Fen Zi Mian Yi Xue Za Zhi,,1007-8738
20586271,Tsitologiia,,0041-3771
20681117,J Reprod Fertil Suppl,,0449-3087
11023518,Blood,,0006-4971
10600643,Biochem J,,0264-6021
11195644,Avian Dis,,0005-2086
22882854,Chin Med J (Engl),,2542-5641
16008886,Zhonghua Fu Chan Ke Za Zhi,,0529-567X
15858238,Med Wieku Rozwoj,,
10839983,Biochem J,,0264-6021
17173247,J Nephrol,,1121-8428
23113357,Mol Biol (Mosk),,0026-8984
29466622,Indian J Exp Biol,,0019-5189
17940570,Beijing Da Xue Xue Bao Yi Xue Ban,,1671-167X
10601551,Int J Oncol,,1019-6439
16927838,Med Tr Prom Ekol,,1026-9428
16244578,Exp Oncol,,1812-9269
17287171,Hepatobiliary Pancreat Dis Int,,1499-3872
19432234,Urologiia,,1728-2985
11743114,Plant Physiol,,0032-0889
17068635,Acta Biochim Pol,,0001-527X
17706016,Folia Biol (Praha),,0015-5500
10768486,Membr Cell Biol,,1023-6597
17929631,Alaska Med,,0002-4538
15140942,Mol Cancer Res,,1541-7786
16328009,Int J Mol Med,,1107-3756
12529757,Thromb Haemost,,0340-6245
24701830,Sheng Wu Gong Cheng Xue Bao,,1000-3061
14577176,Ukr Biokhim Zh (1999),,
21539082,Morfologiia,,1026-3543
17853694,Izv Akad Nauk Ser Biol,,1026-3470
15107609,Cell Cycle,,1538-4101
11110696,Blood,,0006-4971
10994080,Tsitologiia,,0041-3771
22812098,Zhongguo Gu Shang,,1003-0034
11866900,Zhonghua Bing Li Xue Za Zhi,,0529-5807
15254699,Oncol Rep,,1021-335X
21880216,J Biol Regul Homeost Agents,,0393-974X
12414630,Cancer Res,,0008-5472
34150180,Am J Transl Res,,1943-8141
19774823,Acta Orthop Belg,,0001-6462
15816539,Anticancer Res,,0250-7005
16943765,Mol Vis,,1090-0535
10702521,Clin Chem,,0009-9147
22303719,Zhongguo Zhong Xi Yi Jie He Za Zhi,,1003-5370
25329104,Rom J Morphol Embryol,,2066-8279
15329281,Zhonghua Yi Xue Za Zhi,,0376-2491
12227070,Vopr Onkol,,0507-3758
12917021,Ai Zheng,,
15623929,Biomed Mater Eng,,0959-2989
18776994,Acta Biochim Biophys Sin (Shanghai),,1745-7270
15543991,J Chromatogr A,,0021-9673
12125819,J Mol Microbiol Biotechnol,,1464-1801
17564309,Res Commun Mol Pathol Pharmacol,,1078-0297
19528482,Anticancer Res,,0250-7005
15507754,Jpn J Infect Dis,,1344-6304
23923579,Indian J Biochem Biophys,,0301-1208
17672125,Zh Mikrobiol Epidemiol Immunobiol,,0372-9311
24818507,Tsitol Genet,,0564-3783
11764210,J Rheumatol,,0315-162X
24059064,Sheng Wu Yi Xue Gong Cheng Xue Za Zhi,,1001-5515
18426644,Zhongguo Shi Yan Xue Ye Xue Za Zhi,,1009-2137
11776306,Thromb Haemost,,0340-6245
26400522,Eur Rev Med Pharmacol Sci,,2284-0729
14650189,Wei Sheng Yan Jiu,,1000-8020
15773403,Zh Mikrobiol Epidemiol Immunobiol,,0372-9311
15255289,J Exp Ther Oncol,,1359-4117
30024692,Zhonghua Zheng Xing Wai Ke Za Zhi,,1009-4598
21657027,Ying Yong Sheng Tai Xue Bao,,1001-9332
27055303,Genetika,,0016-6758
16329506,Guang Pu Xue Yu Guang Pu Fen Xi,,1000-0593
17068624,Beijing Da Xue Xue Bao Yi Xue Ban,,1671-167X
16008045,Ned Tijdschr Geneeskd,,0028-2162
17924608,J Rheumatol,,0315-162X
10627463,Blood,,0006-4971
18051523,Guang Pu Xue Yu Guang Pu Fen Xi,,1000-0593
19619414,Comp Med,,1532-0820
18989529,Thromb Haemost,,0340-6245
17518767,In Silico Biol,,1386-6338
11181928,J Pharmacol Exp Ther,,0022-3565
23923649,Pharmazie,,0031-7144
17327478,Exp Biol Med (Maywood),,1535-3702
33244380,Gastroenterol Hepatol Bed Bench,,2008-2258
10848880,Clin Endocrinol (Oxf),,0300-0664
12024954,Indian J Physiol Pharmacol,,0019-5499
15065404,Zhongguo Xiu Fu Chong Jian Wai Ke Za Zhi,,1002-1892
15989243,Wei Sheng Wu Xue Bao,,0001-6209
11505033,Alcohol Clin Exp Res,,0145-6008
11686325,Thromb Haemost,,0340-6245
18240571,Mol Biol (Mosk),,0026-8984
17273797,Int J Mol Med,,1107-3756
19763356,Hamostaseologie,,0720-9355
21469344,Zh Evol Biokhim Fiziol,,0044-4529
22041769,Trop Biomed,,2521-9855
15078981,Mol Cancer Ther,,1535-7163
10627469,Blood,,0006-4971
12939463,Mol Cancer Ther,,1535-7163
14995075,Cell Mol Biol (Noisy-le-grand),,0145-5680
18401461,Mol Vis,,1090-0535
21268883,Zh Evol Biokhim Fiziol,,0044-4529
18819271,Biofizika,,0006-3029
26263694,Mikrobiologiia,,0026-3656
12432964,Curr Issues Mol Biol,,1467-3037
16481285,Hepatobiliary Pancreat Dis Int,,1499-3872
16201318,Folia Histochem Cytobiol,,0239-8508
21176359,Zhongguo Shi Yan Xue Ye Xue Za Zhi,,1009-2137
19403032,Zhonghua Gan Zang Bing Za Zhi,,1007-3418
22539871,Mol Vis,,1090-0535
11722592,Eur J Haematol,,0902-4441
22946308,Fiziol Zh (1994),,2522-9028
21688572,Rev Med Chir Soc Med Nat Iasi,,0048-7848
12749405,Pharmazie,,0031-7144
12894502,Anticancer Res,,0250-7005
17100327,Mikrobiol Z,,1028-0987
10970796,Biochem J,,0264-6021
15040430,Cell Mol Biol (Noisy-le-grand),,0145-5680
15757272,Pneumonol Alergol Pol,,0867-7077
19123345,Ying Yong Sheng Tai Xue Bao,,1001-9332
14677171,J Rheumatol,,0315-162X
12894593,Anticancer Res,,0250-7005
19957712,Lik Sprava,,1019-5297
18497978,Int J Oncol,,1019-6439
12801841,Haematologica,,1592-8721
18289465,Zhongguo Dang Dai Er Ke Za Zhi,,1008-8830
17496224,J Biomol Tech,,1524-0215
12894538,Anticancer Res,,0250-7005
25482721,Anticancer Agents Med Chem,,1875-5992
12673393,Sheng Wu Hua Xue Yu Sheng Wu Wu Li Xue Bao (Shanghai),,0582-9879
19003761,Pneumonol Alergol Pol,,0867-7077
15161011,Anticancer Res,,0250-7005
18669360,Ross Fiziol Zh Im I M Sechenova,,0869-8139
37678858,Altern Ther Health Med,,1078-6791
17721627,Thromb Haemost,,0340-6245
18636144,Int J Oncol,,1019-6439
30755814,Am J Cancer Res,,2156-6976
32282322,Medicina (B Aires),,1669-9106
27192819,Mol Gen Mikrobiol Virusol,,0208-0613
16209269,Zhong Yao Cai,,1001-4454
13678151,J Biomol Tech,,1524-0215
19570464,Zhonghua Fu Chan Ke Za Zhi,,0529-567X
31894111,J Biosci,,0973-7138
29693984,Przegl Lek,,0033-2240
17217200,Vestn Oftalmol,,0042-465X
12359749,Cancer Res,,0008-5472
34017385,Am J Transl Res,,1943-8141
33576339,J Biosci,,0973-7138
10752931,Invest Ophthalmol Vis Sci,,0146-0404
25509126,Tsitologiia,,0041-3771
11409317,Folia Biol (Praha),,0015-5500
23803199,Nan Fang Yi Ke Da Xue Xue Bao,,1673-4254
14654532,Clin Cancer Res,,1078-0432
11392785,Ukr Biokhim Zh (1999),,
17490571,Zhongguo Wei Zhong Bing Ji Jiu Yi Xue,,1003-0603
24640556,Ital J Anat Embryol,,1122-6714
24800496,Rinsho Byori,,0047-1860
24247793,Ann Clin Lab Sci,,1550-8080
11899704,Acta Cient Venez,,0001-5504
16755850,Klin Med (Mosk),,0023-2149
23420953,Bull Acad Natl Med,,0001-4079
16142322,Int J Oncol,,1019-6439
22594278,Biofizika,,0006-3029
21532317,J Microbiol Biotechnol,,1738-8872
19794887,Can J Vet Res,,1928-9022
11454674,Cancer Res,,0008-5472
16253189,Zhonghua Yi Xue Za Zhi,,0376-2491
11931430,J Environ Qual,,0047-2425
18612243,Mol Cells,,1016-8478
28770955,Eur Rev Med Pharmacol Sci,,2284-0729
23342636,Ukr Biokhim Zh (1999),,
21737628,Anticancer Res,,1791-7530
22117435,Biofizika,,0006-3029
27524955,Heart Metab,,1566-0338
17983186,Rev Med Chir Soc Med Nat Iasi,,0048-7848
14509350,Pol J Vet Sci,,1505-1773
10903798,Eur Cytokine Netw,,1148-5493
12411053,Zhonghua Xue Ye Xue Za Zhi,,0253-2727
11381969,Water Sci Technol,,0273-1223
16080537,Anticancer Res,,0250-7005
21575439,Zhonghua Kou Qiang Yi Xue Za Zhi,,1002-0098
32509386,Am J Cancer Res,,2156-6976
17929581,Prikl Biokhim Mikrobiol,,0555-1099
21769075,Minerva Gastroenterol Dietol,,1121-421X
16819308,Mol Cells,,1016-8478
12243090,Vopr Med Khim,,0042-8809
11110698,Blood,,0006-4971
19187601,Chin Med J (Engl),,2542-5641
21265264,Hiroshima J Med Sci,,0018-2052
17674714,Zh Evol Biokhim Fiziol,,0044-4529
21105475,Klin Med (Mosk),,0023-2149
12449801,Prikl Biokhim Mikrobiol,,0555-1099
11085921,Biochem J,,0264-6021
12921344,Jpn J Vet Res,,0047-1917
11986746,Zhonghua Shi Yan He Lin Chuang Bing Du Xue Za Zhi,,1003-9279
10666227,Blood,,0006-4971
12036970,Invest Ophthalmol Vis Sci,,0146-0404
27089683,Sheng Li Ke Xue Jin Zhan,,0559-7765
22679759,Ukr Biokhim Zh (1999),,
10645969,J Neurobiol,,0022-3034
11254751,J Lipid Res,,0022-2275
19031807,Zhonghua Jie He He Hu Xi Za Zhi,,1001-0939
12491604,Rinsho Byori,,0047-1860
21055180,Zhonghua Bing Li Xue Za Zhi,,0529-5807
16403254,Zhongguo Shi Yan Xue Ye Xue Za Zhi,,1009-2137
22220406,Coll Antropol,,0350-6134
11751459,Cell Growth Differ,,1044-9523
26242038,Zhonghua Nan Ke Xue,,1009-3591
30480413,Tsitol Genet,,0564-3783
29636998,Am J Cancer Res,,2156-6976
20404524,Cell Cycle,,1551-4005
25629266,Folia Biol (Praha),,0015-5500
10969771,Cancer Res,,0008-5472
16545180,Zhonghua Bing Li Xue Za Zhi,,0529-5807
11751455,Cell Growth Differ,,1044-9523
20428793,Int J Mol Med,,1791-244X
15583810,Oncol Rep,,1021-335X
12750284,Cancer Res,,0008-5472
20201365,Voen Med Zh,,0026-9050
19492157,Thromb Haemost,,0340-6245
15951858,Saudi Med J,,0379-5284
18453054,Probl Tuberk Bolezn Legk,,1728-2993
11994503,J Leukoc Biol,,0741-5400
16388744,Xi Bao Yu Fen Zi Mian Yi Xue Za Zhi,,1007-8738
20127032,Oncol Rep,,1791-2431
12082400,J Hum Virol,,1090-9508
10686018,J Med Virol,,0146-6615
11160639,J Pharmacol Exp Ther,,0022-3565
14633680,Cancer Res,,0008-5472
11742571,Acta Pharmacol Sin,,1671-4083
12918255,Fiziol Zh (1994),,2522-9028
26394474,Biofizika,,0006-3029
24459703,Toxicol Lett,,1879-3169
22296396,Asian Pac J Cancer Prev,,2476-762X
15236509,Ann Agric Environ Med,,1232-1966
16447633,Zhongguo Yi Xue Ke Xue Yuan Xue Bao,,1000-503X
10768493,Membr Cell Biol,,1023-6597
14654987,Int J Mol Med,,1107-3756
16859028,Wiad Parazytol,,0043-5163
12589032,Mol Cancer Ther,,1535-7163
16077910,Int J Oncol,,1019-6439
32519665,Xi Bao Yu Fen Zi Mian Yi Xue Za Zhi,,1007-8738
16894896,Sheng Wu Gong Cheng Xue Bao,,1000-3061
11447890,Health Estate,,
17425851,Zhonghua Yi Xue Za Zhi,,0376-2491
10930855,Ann Dermatol Venereol,,0151-9638
25331998,Sheng Li Xue Bao,,0371-0874
18198792,Ideggyogy Sz,,0019-1442
15323363,J Biol Regul Homeost Agents,,0393-974X
11061890,J Urol,,0022-5347
11431439,Invest Ophthalmol Vis Sci,,0146-0404
11527210,Biochem Cell Biol,,0829-8211
20684312,Sheng Wu Gong Cheng Xue Bao,,1000-3061
21651842,Zhonghua Shao Shang Za Zhi,,1009-2587
22071418,Stomatologija,,1822-301X
11888884,Cancer Res,,0008-5472
22238987,Eksp Klin Farmakol,,0869-2092
10842321,J Cell Biochem,,0730-2312
10706597,J Lipid Res,,0022-2275
23113356,Mol Biol (Mosk),,0026-8984
12454415,Biorheology,,0006-355X
12368377,J Nucl Med,,0161-5505
23530434,Vopr Pitan,,0042-8833
26579576,J Physiol Pharmacol,,1899-1505
20302012,Tsitologiia,,0041-3771
21961290,Ross Fiziol Zh Im I M Sechenova,,0869-8139
12014627,Anticancer Res,,0250-7005
19334633,Biofizika,,0006-3029
23189697,Ying Yong Sheng Tai Xue Bao,,1001-9332
15634588,Zhonghua Xue Ye Xue Za Zhi,,0253-2727
31894004,Xi Bao Yu Fen Zi Mian Yi Xue Za Zhi,,1007-8738
10604950,J Pharmacol Exp Ther,,0022-3565
19137742,Genetika,,0016-6758
15928608,Mol Vis,,1090-0535
20942123,Nihon Rinsho,,0047-1852
37020577,Can J Vet Res,,1928-9022
11309342,Clin Cancer Res,,1078-0432
11292255,Cell Mol Biol (Noisy-le-grand),,0145-5680
26118250,Ideggyogy Sz,,0019-1442
16894884,Sheng Wu Gong Cheng Xue Bao,,1000-3061
12872986,Mol Cells,,1016-8478
23229667,G Ital Nefrol,,0393-5590
17523450,Eksp Klin Farmakol,,0869-2092
24864463,Ter Arkh,,0040-3660
11115406,Biochem J,,0264-6021
15695395,Cancer Res,,0008-5472
21186515,Zhonghua Shi Yan He Lin Chuang Bing Du Xue Za Zhi,,1003-9279
30030956,Cell Mol Biol (Noisy-le-grand),,1165-158X
12390791,Di Yi Jun Yi Da Xue Xue Bao,,1000-2588
23477215,Antibiot Khimioter,,0235-2990
15840293,Zhonghua Fu Chan Ke Za Zhi,,0529-567X
11226054,Reproduction,,1470-1626
20109156,In Silico Biol,,1434-3207
12230943,Acta Pharmacol Sin,,1671-4083
18706200,Chin Med J (Engl),,0366-6999
20351933,AMIA Annu Symp Proc,,1942-597X
12019438,Sheng Wu Hua Xue Yu Sheng Wu Wu Li Xue Bao (Shanghai),,0582-9879
19351501,Xi Bao Yu Fen Zi Mian Yi Xue Za Zhi,,1007-8738
18825633,Urol J,,1735-546X
21528537,Bing Du Xue Bao,,1000-8721
10706131,Cancer Res,,0008-5472
21548386,Zhonghua Zheng Xing Wai Ke Za Zhi,,1009-4598
16264199,J Invasive Cardiol,,1557-2501
18633470,J Contemp Dent Pract,,1526-3711
17068623,Beijing Da Xue Xue Bao Yi Xue Ban,,1671-167X
10901161,Mol Cells,,1016-8478
15554188,Mol Biol (Mosk),,0026-8984
11747758,Acta Pharmacol Sin,,1671-4083
34155994,Wiad Lek,,0043-5147
15946527,Zhonghua Xue Ye Xue Za Zhi,,0253-2727
14654975,Int J Mol Med,,1107-3756
15010833,Int J Oncol,,1019-6439
20734717,Zh Mikrobiol Epidemiol Immunobiol,,0372-9311
11042808,Genetika,,0016-6758
16255882,Zhonghua Nei Ke Za Zhi,,0578-1426
21633729,Acta Biochim Pol,,1734-154X
21309180,Rev Med Suisse,,1660-9379
25973311,Am J Cancer Res,,2156-6976
11985338,Pol J Pharmacol,,1230-6002
28018136,Yale J Biol Med,,1551-4056
11519427,Lik Sprava,,1019-5297
11001906,Blood,,0006-4971
25674239,Int J Clin Exp Pathol,,1936-2625
38076663,Psychopharmacol Bull,,2472-2448
10769688,Anticancer Res,,0250-7005
11104703,Biochem J,,0264-6021
11521737,Physiol Res,,0862-8408
10997303,Fiziol Zh (1994),,2522-9028
12597026,Indian J Exp Biol,,0019-5189
19663011,Lik Sprava,,1019-5297
11788900,Int J Oncol,,1019-6439
11081227,Ross Fiziol Zh Im I M Sechenova,,0869-8139
15375435,Cryo Letters,,0143-2044
21954610,Genetika,,0016-6758
22667112,Sheng Wu Gong Cheng Xue Bao,,1000-3061
14500385,Cancer Res,,0008-5472
23591335,Beijing Da Xue Xue Bao Yi Xue Ban,,1671-167X
21410066,Hepatogastroenterology,,0172-6390
19806798,J Extra Corpor Technol,,0022-1058
22900342,Indian J Biochem Biophys,,0301-1208
11104681,Biochem J,,0264-6021
22394629,Xi Bao Yu Fen Zi Mian Yi Xue Za Zhi,,1007-8738
31903891,Folia Biol (Praha),,0015-5500
12237483,Clin Hemorheol Microcirc,,1386-0291
11555583,Clin Cancer Res,,1078-0432
11697232,Recept Channels,,1060-6823
15498318,Zhonghua Wai Ke Za Zhi,,0529-5815
18076791,Ai Zheng,,
34248051,Georgian Med News,,1512-0112
35968328,Am J Cancer Res,,2156-6976
17688427,In Silico Biol,,1386-6338
14981905,Anticancer Res,,0250-7005
29631686,Cell Mol Biol (Noisy-le-grand),,1165-158X
12578614,Zhongguo Shi Yan Xue Ye Xue Za Zhi,,1009-2137
15730617,Zhonghua Yi Xue Za Zhi,,0376-2491
18646518,Wei Sheng Yan Jiu,,1000-8020
11169474,J Comp Neurol,,0021-9967
22712297,Arkh Patol,,0004-1955
11094720,Biofizika,,0006-3029
29643533,Beijing Da Xue Xue Bao Yi Xue Ban,,1671-167X
12930679,Zhonghua Yi Xue Za Zhi,,0376-2491
16715965,Rinsho Ketsueki,,0485-1439
23390375,Cancer Immun,,1424-9634
18019736,Hepatogastroenterology,,0172-6390
15232223,Mol Cells,,1016-8478
10620500,Biochem J,,0264-6021
10713554,Biochemistry (Mosc),,0006-2979
19379552,Zhongguo Shi Yan Xue Ye Xue Za Zhi,,1009-2137
24584960,Acta Sci Pol Technol Aliment,,1898-9594
23401971,Zh Evol Biokhim Fiziol,,0044-4529
17357522,Lin Chuang Er Bi Yan Hou Ke Za Zhi,,
17131818,Biofizika,,0006-3029
34306343,Am J Transl Res,,1943-8141
10879996,J Investig Allergol Clin Immunol,,1018-9068
11706166,Plant Physiol,,0032-0889
10959197,Rocz Panstw Zakl Hig,,0035-7715
10648026,J Rheumatol,,0315-162X
15107619,Cell Cycle,,1538-4101
16567873,Indian J Med Res,,0971-5916
12384053,J Theor Biol,,0022-5193
15553846,Sheng Wu Yi Xue Gong Cheng Xue Za Zhi,,1001-5515
16391844,Oncol Rep,,1021-335X
17691278,Rev Port Cardiol,,0870-2551
17460893,Sheng Wu Gong Cheng Xue Bao,,1000-3061
11563335,Indian J Biochem Biophys,,0301-1208
16077981,Oncol Rep,,1021-335X
30626470,Xi Bao Yu Fen Zi Mian Yi Xue Za Zhi,,1007-8738
10910956,Carcinogenesis,,0143-3334
30541953,J Biosci,,0973-7138
11170207,Proteins,,0887-3585
10691741,Genes Dev,,0890-9369
25296013,Comp Med,,2769-819X
16261208,Zhonghua Shi Yan He Lin Chuang Bing Du Xue Za Zhi,,1003-9279
15373217,Hokkaido Igaku Zasshi,,0367-6102
14615674,Rev Neurol (Paris),,0035-3787
11357949,Ann Neurol,,0364-5134
12497724,Presse Med,,0755-4982
11783089,Zhonghua Zhong Liu Za Zhi,,0253-3766
19548533,Mol Biol (Mosk),,0026-8984
26062415,Xi Bao Yu Fen Zi Mian Yi Xue Za Zhi,,1007-8738
14761602,Zhonghua Bing Li Xue Za Zhi,,0529-5807
15130378,Zhonghua Fu Chan Ke Za Zhi,,0529-567X
11867573,Invest Ophthalmol Vis Sci,,0146-0404
22932426,J Genet,,0973-7731
11792734,J Lipid Res,,0022-2275
30265489,Klin Khir,,0023-2130
19610537,J Ayub Med Coll Abbottabad,,1025-9589
36945688,ArXiv,,2331-8422
12149426,J Leukoc Biol,,0741-5400
21842651,Zhongguo Zhong Yao Za Zhi,,1001-5302
18634161,J Rheumatol,,0315-162X
27228653,Tsitologiia,,0041-3771
11562430,Mol Pharmacol,,0026-895X
24495761,Zhonghua Er Ke Za Zhi,,0578-1310
19942747,Indian J Med Res,,0971-5916
21215094,Zhonghua Bing Li Xue Za Zhi,,0529-5807
20021965,Zhonghua Bing Li Xue Za Zhi,,0529-5807
11220500,J Physiol Pharmacol,,0867-5910
16619495,Anticancer Res,,0250-7005
20819594,Chin Med J (Engl),,2542-5641
25745767,Acta Pol Pharm,,0001-6837
14985456,Mol Cancer Ther,,1535-7163
17380899,Mol Biol (Mosk),,0026-8984
16964378,Int J Oncol,,1019-6439
18075123,Arch Ital Biol,,0003-9829
16596172,Oncol Rep,,1021-335X
26349244,Tsitologiia,,0041-3771
11714063,Mycoses,,0933-7407
25868278,Bing Du Xue Bao,,1000-8721
10772641,Drug Metab Dispos,,0090-9556
26015772,Mol Vis,,1090-0535
22263267,Bing Du Xue Bao,,1000-8721
11642031,Ukr Biokhim Zh (1999),,
12193473,Cell Growth Differ,,1044-9523
14528907,Cell Mol Biol (Noisy-le-grand),,0145-5680
30033401,Pak J Pharm Sci,,1011-601X
11474126,Mol Med,,1076-1551
15107614,Cell Cycle,,1538-4101
12883667,Oncol Rep,,1021-335X
22574505,Acta Pol Pharm,,0001-6837
11302003,Nutr Metab Cardiovasc Dis,,0939-4753
24923038,Rev Prat,,0035-2640
19334593,Mikrobiologiia,,0026-3656
19368127,In Vivo,,0258-851X
16297314,Zhongguo Wei Zhong Bing Ji Jiu Yi Xue,,1003-0603
11956018,Eur Cytokine Netw,,1148-5493
11392115,Fiziol Zh (1994),,2522-9028
10938798,J Exp Bot,,0022-0957
11129648,J Leukoc Biol,,0741-5400
19396030,Med Sci Monit,,1643-3750
12942645,Mol Biol (Mosk),,0026-8984
20672443,J Immunotoxicol,,1547-6901
12194797,Zhonghua Yi Xue Za Zhi,,0376-2491
10815882,Clin Cancer Res,,1078-0432
19035320,Bing Du Xue Bao,,1000-8721
11798599,Zhonghua Nei Ke Za Zhi,,0578-1426
16969516,Oncol Rep,,1021-335X
17022371,Physiol Chem Phys Med NMR,,0748-6642
25031724,Int J Clin Exp Pathol,,1936-2625
16240751,Izv Akad Nauk Ser Biol,,1026-3470
11507066,Cancer Res,,0008-5472
19569502,Biofizika,,0006-3029
15747838,Tsitologiia,,0041-3771
10864802,J Reprod Fertil,,0022-4251
18062879,Xi Bao Yu Fen Zi Mian Yi Xue Za Zhi,,1007-8738
15759507,Biofizika,,0006-3029
16921416,J Burns Wounds,,1554-0766
21103453,Acta Biochim Pol,,1734-154X
26489343,Huan Jing Ke Xue,,0250-3301
27228705,Vopr Pitan,,0042-8833
17484809,Cell Mol Immunol,,1672-7681
11726627,Invest Ophthalmol Vis Sci,,0146-0404
11682463,Cell Growth Differ,,1044-9523
15196336,Zhonghua Jie He He Hu Xi Za Zhi,,1001-0939
17611319,Zhong Nan Da Xue Xue Bao Yi Xue Ban,,1672-7347
15180275,Adv Exp Med Biol,,0065-2598
14532964,Int J Oncol,,1019-6439
24344040,J BUON,,1107-0625
24348211,Yale J Biol Med,,1551-4056
22110187,Anticancer Res,,1791-7530
30207306,J Biosci,,0973-7138
24830199,Zhongguo Ji Sheng Chong Xue Yu Ji Sheng Chong Bing Za Zhi,,1000-7423
19950693,Zhonghua Zhong Liu Za Zhi,,0253-3766
18041224,Vopr Virusol,,0507-4088
15193243,Xi Bao Yu Fen Zi Mian Yi Xue Za Zhi,,1007-8738
22990106,Cancer Genomics Proteomics,,1790-6245
12624624,Thromb Haemost,,0340-6245
28066036,Trans Am Clin Climatol Assoc,,0065-7778
26317183,Acta Chir Orthop Traumatol Cech,,0001-5415
15631156,Polim Med,,0370-0747
12764252,Mol Vis,,1090-0535
10739481,Biochemistry (Mosc),,0006-2979
27335683,Int J Biochem Mol Biol,,2152-4114
20602287,Folia Neuropathol,,1509-572X
15319168,Eur Cytokine Netw,,1148-5493
28230826,Exp Oncol,,2312-8852
16869282,Ross Fiziol Zh Im I M Sechenova,,0869-8139
25720140,Genetika,,0016-6758
17886717,Bing Du Xue Bao,,1000-8721
16477136,Zhi Wu Sheng Li Yu Fen Zi Sheng Wu Xue Xue Bao,,1671-3877
15048159,Cell Mol Biol Lett,,1425-8153
12469227,Int J Mol Med,,1107-3756
11289145,Cancer Res,,0008-5472
18288360,Sheng Li Xue Bao,,0371-0874
15277996,Med Sci Monit,,1234-1010
11160648,J Pharmacol Exp Ther,,0022-3565
25509418,Tsitologiia,,0041-3771
28564534,Clin Transpl,,0890-9016
19849945,Zhongguo Dang Dai Er Ke Za Zhi,,1008-8830
12839924,Cancer Res,,0008-5472
29286505,Probl Radiac Med Radiobiol,,2304-8336
18636154,Int J Oncol,,1019-6439
17440229,J Physiol Pharmacol,,0867-5910
26811933,Clin Exp Rheumatol,,0392-856X
12655352,Cell Mol Biol Lett,,1425-8153
15665285,Cancer Res,,0008-5472
29461224,Georgian Med News,,1512-0112
25862865,Anticancer Res,,1791-7530
12912935,Clin Cancer Res,,1078-0432
24027667,Cell J,,2228-5806
19562965,Pol Arch Med Wewn,,
16101018,Ital J Anat Embryol,,1122-6714
29372961,Genetika,,0016-6758
15636134,Zh Mikrobiol Epidemiol Immunobiol,,0372-9311
27861481,Gac Med Mex,,0016-3813
11702666,Zhonghua Yi Xue Za Zhi,,0376-2491
17951821,Comput Syst Bioinformatics Conf,,1752-7791
25844451,Mikrobiologiia,,0026-3656
19705792,Klin Med (Mosk),,0023-2149
29509392,Prikl Biokhim Mikrobiol,,0555-1099
22761186,Iran J Allergy Asthma Immunol,,1735-1502
10769173,Biochem J,,0264-6021
14708435,Ter Arkh,,0040-3660
19119612,Sheng Li Ke Xue Jin Zhan,,0559-7765
21877552,Undersea Hyperb Med,,1066-2936
15055488,Indian J Med Res,,0971-5916
18402291,Asian Pac J Allergy Immunol,,0125-877X
14726678,Cell Cycle,,1538-4101
25842401,Eksp Klin Gastroenterol,,1682-8658
26845853,Genetika,,0016-6758
17273753,Oncol Rep,,1021-335X
11497105,Membr Cell Biol,,1023-6597
11396193,Anticancer Res,,0250-7005
11732620,Acta Biochim Pol,,0001-527X
12395931,Biotechniques,,0736-6205
18540434,Arkh Patol,,0004-1955
10945626,Cancer Res,,0008-5472
17672939,Ai Zheng,,
18095520,J Heart Valve Dis,,0966-8519
23510838,Zhonghua Lao Dong Wei Sheng Zhi Ye Bing Za Zhi,,1001-9391
15375530,Int J Oncol,,1019-6439
14509360,Pol J Vet Sci,,1505-1773
11451350,J Androl,,0196-3635
10835883,Nippon Ganka Gakkai Zasshi,,0029-0203
19069790,Vopr Virusol,,0507-4088
22117442,Biofizika,,0006-3029
30601623,Klin Lab Diagn,,0869-2084
21500556,Sichuan Da Xue Xue Bao Yi Xue Ban,,1672-173X
12437234,Indian J Chest Dis Allied Sci,,0377-9343
19634757,Bing Du Xue Bao,,1000-8721
15854490,Zhonghua Yi Xue Za Zhi,,0376-2491
16342666,Biomed Khim,,2310-6972
20193257,Chin Med J (Engl),,2542-5641
15034288,Korean J Gastroenterol,,1598-9992
11867591,Invest Ophthalmol Vis Sci,,0146-0404
32269740,Am J Transl Res,,1943-8141
37665724,J Assoc Genet Technol,,1523-7834
20717637,Sheng Li Xue Bao,,0371-0874
17639987,Zhongguo Zhong Yao Za Zhi,,1001-5302
10944156,J Exp Bot,,0022-0957
11788774,Plant Physiol,,0032-0889
12231479,Eur Cytokine Netw,,1148-5493
11916135,J Enzyme Inhib,,8755-5093
18813787,Int J Oncol,,1019-6439
37515338,Xi Bao Yu Fen Zi Mian Yi Xue Za Zhi,,1007-8738
18664130,Tsitologiia,,0041-3771
12670892,Cancer Res,,0008-5472
15208742,Mol Med,,1076-1551
29212581,Comp Med,,2769-819X
26744869,Eur Rev Med Pharmacol Sci,,2284-0729
16042885,Zhonghua Gan Zang Bing Za Zhi,,1007-3418
18528967,J Rheumatol,,0315-162X
18669302,Zh Obshch Biol,,0044-4596
28613662,StatPearls,,
15964967,Am J Trop Med Hyg,,0002-9637
16636373,Georgian Med News,,1512-0112
28975966,Eur Rev Med Pharmacol Sci,,2284-0729
27347333,Am J Transl Res,,1943-8141
25352738,Mol Vis,,1090-0535
17380886,Mol Biol (Mosk),,0026-8984
21557907,Xi Bao Yu Fen Zi Mian Yi Xue Za Zhi,,1007-8738
11776324,Thromb Haemost,,0340-6245
16579077,Bull Soc Pathol Exot,,0037-9085
16741026,Exp Biol Med (Maywood),,1535-3702
19069647,Wei Sheng Yan Jiu,,1000-8020
27681547,J Vector Borne Dis,,0972-9062
11360674,Acta Pharmacol Sin,,1671-4083
19081849,Acta Biochim Pol,,0001-527X
21965782,Anticancer Res,,1791-7530
19533890,Asia Pac J Public Health,,1010-5395
15747869,Vopr Virusol,,0507-4088
10766736,Genes Dev,,0890-9369
16395491,Hamostaseologie,,0720-9355
24902367,Anal Quant Cytopathol Histpathol,,2578-742X
19108467,Zhongguo Gu Shang,,1003-0034
18468426,Pol Arch Med Wewn,,
12820370,Anticancer Res,,0250-7005
12593473,Clin Lab,,1433-6510
18304426,Zhonghua Gan Zang Bing Za Zhi,,1007-3418
20608180,Mol Biol (Mosk),,0026-8984
