pmid,journal,doi
17543862,Dev Cell,10.1016/j.devcel.2007.03.019
35907859,Microb Cell Fact,10.1186/s12934-022-01877-3
19024597,APMIS,10.1111/j.1600-0463.2008.00999.x
29087340,Proc Natl Acad Sci U S A,10.1073/pnas.1713574114
28357617,Photosynth Res,10.1007/s11120-017-0371-1
14705966,Biochem J,10.1042/BJ20031048
35715417,Nat Commun,10.1038/s41467-022-31240-4
34668777,J Virol,10.1128/JVI.01222-21
15155787,Mol Endocrinol,10.1210/me.2004-0129
21106539,J Biol Chem,10.1074/jbc.M110.190637
21640703,Arch Biochem Biophys,10.1016/j.abb.2011.05.012
21989057,Hum Mol Genet,10.1093/hmg/ddr457
15919904,J Virol,10.1128/JVI.79.12.7492-7502.2005
20223211,Structure,10.1016/j.str.2010.01.009
15834955,J Comp Neurol,10.1002/cne.20500
27048259,Apoptosis,10.1007/s10495-016-1241-6
35041543,Hum Exp Toxicol,10.1177/09603271211062854
21744791,J Org Chem,10.1021/jo201024r
11842115,Nucleic Acids Res,10.1093/nar/30.4.1029
27338793,Nature,10.1038/nature18312
37856544,Proc Natl Acad Sci U S A,10.1073/pnas.2304689120
33417923,Exp Cell Res,10.1016/j.yexcr.2020.112445
10709091,Int J Cancer,10.1002/(sici)1097-0215(20000315)85:6<757::aid-ijc3>3.0.co
15209496,Biochemistry,10.1021/bi049478w
15039445,J Biol Chem,10.1074/jbc.M311576200
18621860,Am J Physiol Heart Circ Physiol,10.1152/ajpheart.00079.2008
27795402,mBio,10.1128/mBio.01729-16
28933646,RNA Biol,10.1080/15476286.2017.1379645
38284198,Exp Dermatol,10.1111/exd.14997
15262445,J Biochem Biophys Methods,10.1016/j.jbbm.2004.03.008
16258286,Cell Cycle,10.4161/cc.4.12.2193
33636367,Genomics Proteomics Bioinformatics,10.1016/j.gpb.2020.06.020
20420426,Biochemistry,10.1021/bi9021445
25623541,Physiol Behav,10.1016/j.physbeh.2015.01.028
31158228,PLoS Comput Biol,10.1371/journal.pcbi.1007066
26275773,Nucleic Acids Res,10.1093/nar/gkv819
37009061,Acc Mater Res,10.1021/accountsmr.2c00239
25526086,Cell Death Differ,10.1038/cdd.2014.206
32294946,Vaccines (Basel),10.3390/vaccines8020179
19756148,PLoS One,10.1371/journal.pone.0007046
12084068,Eur J Biochem,10.1046/j.1432-1033.2002.03003.x
19833522,Bioorg Med Chem,10.1016/j.bmc.2009.09.025
28830332,Toxicol Pathol,10.1177/0192623317723539
15905059,J Pharm Biomed Anal,10.1016/j.jpba.2005.04.009
18482831,Eur J Pharm Biopharm,10.1016/j.ejpb.2008.03.012
30470739,Nat Commun,10.1038/s41467-018-07101-4
28820351,Cell Cycle,10.1080/15384101.2017.1361065
17703088,Cells Tissues Organs,10.1159/000107556
15725418,Brain Res,10.1016/j.brainres.2004.11.056
20367066,Foodborne Pathog Dis,10.1089/fpd.2009.0492
23417672,J Biol Chem,10.1074/jbc.M112.424564
29915083,Proc Natl Acad Sci U S A,10.1073/pnas.1711888115
24359406,BMC Complement Altern Med,10.1186/1472-6882-13-363
20547138,Biochim Biophys Acta,10.1016/j.bbabio.2010.06.003
20838636,PLoS One,10.1371/journal.pone.0012588
28459551,Biochemistry,10.1021/acs.biochem.6b00922
26646171,PLoS Biol,10.1371/journal.pbio.1002316
37398174,medRxiv,10.1101/2023.06.12.23291297
37738902,Biochem Biophys Res Commun,10.1016/j.bbrc.2023.09.039
23817039,Biochem Biophys Res Commun,10.1016/j.bbrc.2013.06.075
17318221,Cell Death Differ,10.1038/sj.cdd.4402110
18837167,Folia Microbiol (Praha),
16547400,Zoolog Sci,10.2108/zsj.23.1
36645445,J Immunol,10.4049/jimmunol.2100792
11054812,J Neurosci Res,10.1002/1097-4547(20001101)62:3<427::AID-JNR13>3.0.CO
20010875,Oncogene,10.1038/onc.2009.404
34512753,J Oncol,10.1155/2021/6147962
34353416,Biomed Environ Sci,10.3967/bes2021.073
27634771,Neuroscience,10.1016/j.neuroscience.2016.09.004
29507094,J Biol Chem,10.1074/jbc.RA117.001323
34940790,J Exp Med,10.1084/jem.20211523
11311135,Biochem J,10.1042/bj3550725
22327008,Eukaryot Cell,10.1128/EC.00011-12
35146778,EMBO J,10.15252/embj.2021109102
24919535,Arch Microbiol,10.1007/s00203-014-1003-1
35880950,Cell Cycle,10.1080/15384101.2022.2060627
24162018,Nat Commun,10.1038/ncomms3610
34094105,Chem Sci,10.1039/d0sc01140a
22183548,Methods Mol Biol,10.1007/978-1-61779-465-0_23
21512802,Arch Toxicol,10.1007/s00204-011-0706-1
30880224,Cell Signal,10.1016/j.cellsig.2019.03.012
20671242,Circ Res,10.1161/CIRCRESAHA.109.216127
17235493,Photosynth Res,10.1007/s11120-006-9104-6
25797890,Transl Res,10.1016/j.trsl.2015.02.008
32172734,Funct Plant Biol,10.1071/FP18054
33274189,Front Phys,10.3389/fphy.2020.00196
32900932,Proc Natl Acad Sci U S A,10.1073/pnas.2013223117
23479762,Exp Biol Med (Maywood),10.1258/ebm.2012.012127
20709422,Eur J Cell Biol,10.1016/j.ejcb.2010.06.009
31189654,J Biol Chem,10.1074/jbc.RA119.009035
27169352,Biochim Biophys Acta,10.1016/j.bbabio.2016.05.001
34257299,Nat Commun,10.1038/s41467-021-24553-3
20197044,Biophys J,10.1016/j.bpj.2009.11.018
21031485,Protein Sci,10.1002/pro.535
27872982,Curr Genet,10.1007/s00294-016-0665-4
32275929,Biochim Biophys Acta Bioenerg,10.1016/j.bbabio.2020.148202
36926907,Rev Esp Enferm Dig,10.17235/reed.2023.9578/2023
17957250,PLoS One,10.1371/journal.pone.0001066
22383530,J Biol Chem,10.1074/jbc.M112.341883
30611981,Eur J Med Chem,10.1016/j.ejmech.2018.12.062
31636464,Nat Immunol,10.1038/s41590-019-0515-x
15039088,Methods,10.1016/j.ymeth.2003.10.021
16314420,J Biol Chem,10.1074/jbc.M508736200
30468788,Behav Brain Res,10.1016/j.bbr.2018.11.031
12502561,Ann N Y Acad Sci,10.1111/j.1749-6632.2002.tb04741.x
15175283,J Bacteriol,10.1128/JB.186.12.3703-3711.2004
17487399,Oncol Rep,
19159910,J Surg Res,10.1016/j.jss.2008.08.001
15652523,Exp Eye Res,10.1016/j.exer.2004.08.005
37844464,Int Immunopharmacol,10.1016/j.intimp.2023.111043
17406340,Nat Protoc,10.1038/nprot.2006.129
29773831,Sci Rep,10.1038/s41598-018-26093-1
15705590,J Biol Chem,10.1074/jbc.M410903200
21811445,Front Syst Neurosci,10.3389/fnsys.2011.00060
37176009,Int J Mol Sci,10.3390/ijms24098301
10856879,J Endocrinol,10.1677/joe.0.1660021
19272450,Methods,10.1016/j.ymeth.2009.02.022
29681477,Curr Biol,10.1016/j.cub.2018.03.025
35623230,Eur J Cell Biol,10.1016/j.ejcb.2022.151240
26748914,Planta,10.1007/s00425-015-2445-7
27225870,J Cell Physiol,10.1002/jcp.25443
16676145,Mar Biotechnol (NY),10.1007/s10126-005-5164-4
36647612,J Chem Inf Model,10.1021/acs.jcim.2c01309
21121900,Biochem J,10.1042/BJ20101115
12137932,Brain Res,10.1016/s0006-8993(02)02896-2
34731414,Drug Deliv Transl Res,10.1007/s13346-021-01086-2
32168101,Neuroreport,10.1097/WNR.0000000000001426
36334872,Mol Cell Proteomics,10.1016/j.mcpro.2022.100439
38288833,Curr Cardiol Rev,10.2174/011573403X272750240109052319
35063482,Int J Biol Macromol,10.1016/j.ijbiomac.2022.01.059
25428220,Blood,10.1182/blood-2014-06-582650
15657043,J Biol Chem,10.1074/jbc.M412222200
20044836,J Proteome Res,10.1021/pr900338q
34146438,Mol Microbiol,10.1111/mmi.14773
22531627,Biochimie,10.1016/j.biochi.2012.04.011
33280960,Food Chem,10.1016/j.foodchem.2020.128569
26613512,Int Immunopharmacol,10.1016/j.intimp.2015.11.020
34155551,Anal Bioanal Chem,10.1007/s00216-021-03433-1
35533581,Bioorg Chem,10.1016/j.bioorg.2022.105850
28922514,Oral Dis,10.1111/odi.12780
31762411,Physiol Genomics,10.1152/physiolgenomics.00094.2019
22665792,Proc Natl Acad Sci U S A,10.1073/pnas.1115063109
23428842,J Neural Eng,10.1088/1741-2560/10/2/026007
37908731,Theranostics,10.7150/thno.85390
29055716,Exp Neurol,10.1016/j.expneurol.2017.10.016
12660155,EMBO J,10.1093/emboj/cdg162
12954425,Physiol Behav,10.1016/s0031-9384(03)00205-1
33504803,Nat Commun,10.1038/s41467-021-20930-0
15672442,J Neurosci Res,10.1002/jnr.20396
21490275,Sci Transl Med,10.1126/scitranslmed.3001374
11472891,Bone,10.1016/s8756-3282(01)00470-7
31813797,Dev Cell,10.1016/j.devcel.2019.10.025
35421609,Biochim Biophys Acta Proteins Proteom,10.1016/j.bbapap.2022.140781
30293127,Transgenic Res,10.1007/s11248-018-0097-7
29718378,J Infect Dis,10.1093/infdis/jiy250
22031943,J Virol,10.1128/JVI.05354-11
18386936,Nano Lett,10.1021/nl073144l
22549772,J Biol Chem,10.1074/jbc.M112.370387
27510922,Nat Commun,10.1038/ncomms12420
27027998,Cell Cycle,10.1080/15384101.2016.1147631
26771574,Am J Respir Cell Mol Biol,10.1165/rcmb.2015-0219OC
17510231,Endocrinology,10.1210/en.2006-1737
23595672,Met Ions Life Sci,10.1007/978-94-007-5561-1_5
22860026,PLoS One,10.1371/journal.pone.0041897
30272359,Mol Med Rep,10.3892/mmr.2018.9511
10873480,Methods,10.1006/meth.2000.1006
26226135,PLoS One,10.1371/journal.pone.0134425
10683175,Development,10.1242/dev.127.6.1221
33538041,Rapid Commun Mass Spectrom,10.1002/rcm.9063
36750663,Commun Biol,10.1038/s42003-023-04506-w
33718983,Mol Genet Genomics,10.1007/s00438-021-01773-2
18439261,BMC Syst Biol,10.1186/1752-0509-2-38
31964740,mBio,10.1128/mBio.03117-19
12419248,Cell,10.1016/s0092-8674(02)01077-2
28625782,Curr Biol,10.1016/j.cub.2017.05.065
29499565,Redox Biol,10.1016/j.redox.2018.02.016
37857526,J Immunother Cancer,10.1136/jitc-2023-006966
24501395,Database (Oxford),10.1093/database/bat085
26985028,J Neurosci,10.1523/JNEUROSCI.1912-15.2016
29645031,Chem Commun (Camb),10.1039/c8cc01931b
38092323,Genomics,10.1016/j.ygeno.2023.110761
21875596,J Mol Biol,10.1016/j.jmb.2011.08.034
16514659,J Cell Biochem,10.1002/jcb.20869
21569817,Food Chem Toxicol,10.1016/j.fct.2011.04.034
24289149,Vet Dermatol,10.1111/vde.12093
25617208,J Mol Model,10.1007/s00894-014-2556-2
28922415,PLoS Pathog,10.1371/journal.ppat.1006632
26070559,J Biol Chem,10.1074/jbc.M115.637389
29313971,Int J Cancer,10.1002/ijc.31244
26889679,PLoS Biol,10.1371/journal.pbio.1002366
21403644,Lab Invest,10.1038/labinvest.2011.43
17472959,J Biol Chem,10.1074/jbc.M702906200
33872658,Dev Comp Immunol,10.1016/j.dci.2021.104105
12894873,Arch Immunol Ther Exp (Warsz),
33929896,Am J Physiol Heart Circ Physiol,10.1152/ajpheart.00798.2020
30265660,PLoS Genet,10.1371/journal.pgen.1007693
19524299,Mol Immunol,10.1016/j.molimm.2009.04.036
25130703,Int J Med Microbiol,10.1016/j.ijmm.2014.07.007
21968275,Med Hypotheses,10.1016/j.mehy.2011.09.028
