pmid,journal,doi,publisher
17543862,Dev Cell,10.1016/j.devcel.2007.03.019,Elsevier BV
35907859,Microb Cell Fact,10.1186/s12934-022-01877-3,Springer Science and Business Media LLC
19024597,APMIS,10.1111/j.1600-0463.2008.00999.x,Wiley
29087340,Proc Natl Acad Sci U S A,10.1073/pnas.1713574114,Proceedings of the National Academy of Sciences
28357617,Photosynth Res,10.1007/s11120-017-0371-1,Springer Science and Business Media LLC
14705966,Biochem J,10.1042/BJ20031048,Portland Press Ltd.
35715417,Nat Commun,10.1038/s41467-022-31240-4,Springer Science and Business Media LLC
34668777,J Virol,10.1128/JVI.01222-21,American Society for Microbiology
15155787,Mol Endocrinol,10.1210/me.2004-0129,The Endocrine Society
21106539,J Biol Chem,10.1074/jbc.M110.190637,Elsevier BV
21640703,Arch Biochem Biophys,10.1016/j.abb.2011.05.012,Elsevier BV
21989057,Hum Mol Genet,10.1093/hmg/ddr457,Oxford University Press (OUP)
15919904,J Virol,10.1128/JVI.79.12.7492-7502.2005,American Society for Microbiology
20223211,Structure,10.1016/j.str.2010.01.009,Elsevier BV
15834955,J Comp Neurol,10.1002/cne.20500,Wiley
27048259,Apoptosis,10.1007/s10495-016-1241-6,Springer Science and Business Media LLC
35041543,Hum Exp Toxicol,10.1177/09603271211062854,SAGE Publications
21744791,J Org Chem,10.1021/jo201024r,American Chemical Society (ACS)
11842115,Nucleic Acids Res,10.1093/nar/30.4.1029,Oxford University Press (OUP)
27338793,Nature,10.1038/nature18312,Springer Science and Business Media LLC
37856544,Proc Natl Acad Sci U S A,10.1073/pnas.2304689120,Proceedings of the National Academy of Sciences
33417923,Exp Cell Res,10.1016/j.yexcr.2020.112445,Elsevier BV
10709091,Int J Cancer,10.1002/(sici)1097-0215(20000315)85:6<757::aid-ijc3>3.0.co,
15209496,Biochemistry,10.1021/bi049478w,American Chemical Society (ACS)
15039445,J Biol Chem,10.1074/jbc.M311576200,Elsevier BV
18621860,Am J Physiol Heart Circ Physiol,10.1152/ajpheart.00079.2008,American Physiological Society
27795402,mBio,10.1128/mBio.01729-16,American Society for Microbiology
28933646,RNA Biol,10.1080/15476286.2017.1379645,Informa UK Limited
38284198,Exp Dermatol,10.1111/exd.14997,Wiley
15262445,J Biochem Biophys Methods,10.1016/j.jbbm.2004.03.008,Elsevier BV
16258286,Cell Cycle,10.4161/cc.4.12.2193,Informa UK Limited
33636367,Genomics Proteomics Bioinformatics,10.1016/j.gpb.2020.06.020,Oxford University Press (OUP)
20420426,Biochemistry,10.1021/bi9021445,American Chemical Society (ACS)
25623541,Physiol Behav,10.1016/j.physbeh.2015.01.028,Elsevier BV
31158228,PLoS Comput Biol,10.1371/journal.pcbi.1007066,Public Library of Science (PLoS)
26275773,Nucleic Acids Res,10.1093/nar/gkv819,Oxford University Press (OUP)
37009061,Acc Mater Res,10.1021/accountsmr.2c00239,American Chemical Society (ACS)
25526086,Cell Death Differ,10.1038/cdd.2014.206,Springer Science and Business Media LLC
32294946,Vaccines (Basel),10.3390/vaccines8020179,MDPI AG
19756148,PLoS One,10.1371/journal.pone.0007046,Public Library of Science (PLoS)
12084068,Eur J Biochem,10.1046/j.1432-1033.2002.03003.x,Wiley
19833522,Bioorg Med Chem,10.1016/j.bmc.2009.09.025,Elsevier BV
28830332,Toxicol Pathol,10.1177/0192623317723539,SAGE Publications
15905059,J Pharm Biomed Anal,10.1016/j.jpba.2005.04.009,Elsevier BV
18482831,Eur J Pharm Biopharm,10.1016/j.ejpb.2008.03.012,Elsevier BV
30470739,Nat Commun,10.1038/s41467-018-07101-4,Springer Science and Business Media LLC
28820351,Cell Cycle,10.1080/15384101.2017.1361065,Informa UK Limited
17703088,Cells Tissues Organs,10.1159/000107556,S. Karger AG
15725418,Brain Res,10.1016/j.brainres.2004.11.056,Elsevier BV
20367066,Foodborne Pathog Dis,10.1089/fpd.2009.0492,Mary Ann Liebert Inc
23417672,J Biol Chem,10.1074/jbc.M112.424564,Elsevier BV
29915083,Proc Natl Acad Sci U S A,10.1073/pnas.1711888115,Proceedings of the National Academy of Sciences
24359406,BMC Complement Altern Med,10.1186/1472-6882-13-363,Springer Science and Business Media LLC
20547138,Biochim Biophys Acta,10.1016/j.bbabio.2010.06.003,Elsevier BV
20838636,PLoS One,10.1371/journal.pone.0012588,Public Library of Science (PLoS)
28459551,Biochemistry,10.1021/acs.biochem.6b00922,American Chemical Society (ACS)
26646171,PLoS Biol,10.1371/journal.pbio.1002316,Public Library of Science (PLoS)
37398174,medRxiv,10.1101/2023.06.12.23291297,Cold Spring Harbor Laboratory
37738902,Biochem Biophys Res Commun,10.1016/j.bbrc.2023.09.039,Elsevier BV
23817039,Biochem Biophys Res Commun,10.1016/j.bbrc.2013.06.075,Elsevier BV
17318221,Cell Death Differ,10.1038/sj.cdd.4402110,Springer Science and Business Media LLC
18837167,Folia Microbiol (Praha),,
16547400,Zoolog Sci,10.2108/zsj.23.1,Zoological Society of Japan
36645445,J Immunol,10.4049/jimmunol.2100792,The American Association of Immunologists
11054812,J Neurosci Res,10.1002/1097-4547(20001101)62:3<427::AID-JNR13>3.0.CO,
20010875,Oncogene,10.1038/onc.2009.404,Springer Science and Business Media LLC
34512753,J Oncol,10.1155/2021/6147962,Hindawi Limited
34353416,Biomed Environ Sci,10.3967/bes2021.073,
27634771,Neuroscience,10.1016/j.neuroscience.2016.09.004,Elsevier BV
29507094,J Biol Chem,10.1074/jbc.RA117.001323,Elsevier BV
34940790,J Exp Med,10.1084/jem.20211523,Rockefeller University Press
11311135,Biochem J,10.1042/bj3550725,Portland Press Ltd.
22327008,Eukaryot Cell,10.1128/EC.00011-12,American Society for Microbiology
35146778,EMBO J,10.15252/embj.2021109102,Springer Science and Business Media LLC
24919535,Arch Microbiol,10.1007/s00203-014-1003-1,Springer Science and Business Media LLC
35880950,Cell Cycle,10.1080/15384101.2022.2060627,Informa UK Limited
24162018,Nat Commun,10.1038/ncomms3610,Springer Science and Business Media LLC
34094105,Chem Sci,10.1039/d0sc01140a,Royal Society of Chemistry (RSC)
22183548,Methods Mol Biol,10.1007/978-1-61779-465-0_23,Springer New York
21512802,Arch Toxicol,10.1007/s00204-011-0706-1,Springer Science and Business Media LLC
30880224,Cell Signal,10.1016/j.cellsig.2019.03.012,Elsevier BV
20671242,Circ Res,10.1161/CIRCRESAHA.109.216127,Ovid Technologies (Wolters Kluwer Health)
17235493,Photosynth Res,10.1007/s11120-006-9104-6,Springer Science and Business Media LLC
25797890,Transl Res,10.1016/j.trsl.2015.02.008,Elsevier BV
32172734,Funct Plant Biol,10.1071/FP18054,CSIRO Publishing
33274189,Front Phys,10.3389/fphy.2020.00196,Frontiers Media SA
32900932,Proc Natl Acad Sci U S A,10.1073/pnas.2013223117,Proceedings of the National Academy of Sciences
23479762,Exp Biol Med (Maywood),10.1258/ebm.2012.012127,Frontiers Media SA
20709422,Eur J Cell Biol,10.1016/j.ejcb.2010.06.009,Elsevier BV
31189654,J Biol Chem,10.1074/jbc.RA119.009035,Elsevier BV
27169352,Biochim Biophys Acta,10.1016/j.bbabio.2016.05.001,Elsevier BV
34257299,Nat Commun,10.1038/s41467-021-24553-3,Springer Science and Business Media LLC
20197044,Biophys J,10.1016/j.bpj.2009.11.018,Elsevier BV
21031485,Protein Sci,10.1002/pro.535,Wiley
27872982,Curr Genet,10.1007/s00294-016-0665-4,Springer Science and Business Media LLC
32275929,Biochim Biophys Acta Bioenerg,10.1016/j.bbabio.2020.148202,Elsevier BV
36926907,Rev Esp Enferm Dig,10.17235/reed.2023.9578/2023,Sociedad Espanola de Patologia Digestiva (SEPD)
17957250,PLoS One,10.1371/journal.pone.0001066,Public Library of Science (PLoS)
22383530,J Biol Chem,10.1074/jbc.M112.341883,Elsevier BV
30611981,Eur J Med Chem,10.1016/j.ejmech.2018.12.062,Elsevier BV
31636464,Nat Immunol,10.1038/s41590-019-0515-x,Springer Science and Business Media LLC
15039088,Methods,10.1016/j.ymeth.2003.10.021,Elsevier BV
16314420,J Biol Chem,10.1074/jbc.M508736200,Elsevier BV
30468788,Behav Brain Res,10.1016/j.bbr.2018.11.031,Elsevier BV
12502561,Ann N Y Acad Sci,10.1111/j.1749-6632.2002.tb04741.x,Wiley
15175283,J Bacteriol,10.1128/JB.186.12.3703-3711.2004,American Society for Microbiology
17487399,Oncol Rep,,
19159910,J Surg Res,10.1016/j.jss.2008.08.001,Elsevier BV
15652523,Exp Eye Res,10.1016/j.exer.2004.08.005,Elsevier BV
37844464,Int Immunopharmacol,10.1016/j.intimp.2023.111043,Elsevier BV
17406340,Nat Protoc,10.1038/nprot.2006.129,Springer Science and Business Media LLC
29773831,Sci Rep,10.1038/s41598-018-26093-1,Springer Science and Business Media LLC
15705590,J Biol Chem,10.1074/jbc.M410903200,Elsevier BV
21811445,Front Syst Neurosci,10.3389/fnsys.2011.00060,Frontiers Media SA
37176009,Int J Mol Sci,10.3390/ijms24098301,MDPI AG
10856879,J Endocrinol,10.1677/joe.0.1660021,Bioscientifica
19272450,Methods,10.1016/j.ymeth.2009.02.022,Elsevier BV
29681477,Curr Biol,10.1016/j.cub.2018.03.025,Elsevier BV
35623230,Eur J Cell Biol,10.1016/j.ejcb.2022.151240,Elsevier BV
26748914,Planta,10.1007/s00425-015-2445-7,Springer Science and Business Media LLC
27225870,J Cell Physiol,10.1002/jcp.25443,Wiley
16676145,Mar Biotechnol (NY),10.1007/s10126-005-5164-4,Springer Science and Business Media LLC
36647612,J Chem Inf Model,10.1021/acs.jcim.2c01309,American Chemical Society (ACS)
21121900,Biochem J,10.1042/BJ20101115,Portland Press Ltd.
12137932,Brain Res,10.1016/s0006-8993(02)02896-2,Elsevier BV
34731414,Drug Deliv Transl Res,10.1007/s13346-021-01086-2,Springer Science and Business Media LLC
32168101,Neuroreport,10.1097/WNR.0000000000001426,Ovid Technologies (Wolters Kluwer Health)
36334872,Mol Cell Proteomics,10.1016/j.mcpro.2022.100439,Elsevier BV
38288833,Curr Cardiol Rev,10.2174/011573403X272750240109052319,Bentham Science Publishers Ltd.
35063482,Int J Biol Macromol,10.1016/j.ijbiomac.2022.01.059,Elsevier BV
25428220,Blood,10.1182/blood-2014-06-582650,American Society of Hematology
15657043,J Biol Chem,10.1074/jbc.M412222200,Elsevier BV
20044836,J Proteome Res,10.1021/pr900338q,American Chemical Society (ACS)
34146438,Mol Microbiol,10.1111/mmi.14773,Wiley
22531627,Biochimie,10.1016/j.biochi.2012.04.011,Elsevier BV
33280960,Food Chem,10.1016/j.foodchem.2020.128569,Elsevier BV
26613512,Int Immunopharmacol,10.1016/j.intimp.2015.11.020,Elsevier BV
34155551,Anal Bioanal Chem,10.1007/s00216-021-03433-1,Springer Science and Business Media LLC
35533581,Bioorg Chem,10.1016/j.bioorg.2022.105850,Elsevier BV
28922514,Oral Dis,10.1111/odi.12780,Wiley
31762411,Physiol Genomics,10.1152/physiolgenomics.00094.2019,American Physiological Society
22665792,Proc Natl Acad Sci U S A,10.1073/pnas.1115063109,Proceedings of the National Academy of Sciences
23428842,J Neural Eng,10.1088/1741-2560/10/2/026007,IOP Publishing
37908731,Theranostics,10.7150/thno.85390,Ivyspring International Publisher
29055716,Exp Neurol,10.1016/j.expneurol.2017.10.016,Elsevier BV
12660155,EMBO J,10.1093/emboj/cdg162,Springer Science and Business Media LLC
12954425,Physiol Behav,10.1016/s0031-9384(03)00205-1,Elsevier BV
33504803,Nat Commun,10.1038/s41467-021-20930-0,Springer Science and Business Media LLC
15672442,J Neurosci Res,10.1002/jnr.20396,Wiley
21490275,Sci Transl Med,10.1126/scitranslmed.3001374,American Association for the Advancement of Science (AAAS)
11472891,Bone,10.1016/s8756-3282(01)00470-7,Elsevier BV
31813797,Dev Cell,10.1016/j.devcel.2019.10.025,Elsevier BV
35421609,Biochim Biophys Acta Proteins Proteom,10.1016/j.bbapap.2022.140781,Elsevier BV
30293127,Transgenic Res,10.1007/s11248-018-0097-7,Springer Science and Business Media LLC
29718378,J Infect Dis,10.1093/infdis/jiy250,Oxford University Press (OUP)
22031943,J Virol,10.1128/JVI.05354-11,American Society for Microbiology
18386936,Nano Lett,10.1021/nl073144l,American Chemical Society (ACS)
22549772,J Biol Chem,10.1074/jbc.M112.370387,Elsevier BV
27510922,Nat Commun,10.1038/ncomms12420,Springer Science and Business Media LLC
27027998,Cell Cycle,10.1080/15384101.2016.1147631,Informa UK Limited
26771574,Am J Respir Cell Mol Biol,10.1165/rcmb.2015-0219OC,American Thoracic Society
17510231,Endocrinology,10.1210/en.2006-1737,The Endocrine Society
23595672,Met Ions Life Sci,10.1007/978-94-007-5561-1_5,Springer Netherlands
22860026,PLoS One,10.1371/journal.pone.0041897,Public Library of Science (PLoS)
30272359,Mol Med Rep,10.3892/mmr.2018.9511,Spandidos Publications
10873480,Methods,10.1006/meth.2000.1006,Elsevier BV
26226135,PLoS One,10.1371/journal.pone.0134425,Public Library of Science (PLoS)
10683175,Development,10.1242/dev.127.6.1221,The Company of Biologists
33538041,Rapid Commun Mass Spectrom,10.1002/rcm.9063,Wiley
36750663,Commun Biol,10.1038/s42003-023-04506-w,Springer Science and Business Media LLC
33718983,Mol Genet Genomics,10.1007/s00438-021-01773-2,Springer Science and Business Media LLC
18439261,BMC Syst Biol,10.1186/1752-0509-2-38,Springer Science and Business Media LLC
31964740,mBio,10.1128/mBio.03117-19,American Society for Microbiology
12419248,Cell,10.1016/s0092-8674(02)01077-2,Elsevier BV
28625782,Curr Biol,10.1016/j.cub.2017.05.065,Elsevier BV
29499565,Redox Biol,10.1016/j.redox.2018.02.016,Elsevier BV
37857526,J Immunother Cancer,10.1136/jitc-2023-006966,BMJ
24501395,Database (Oxford),10.1093/database/bat085,Oxford University Press (OUP)
26985028,J Neurosci,10.1523/JNEUROSCI.1912-15.2016,Society for Neuroscience
29645031,Chem Commun (Camb),10.1039/c8cc01931b,Royal Society of Chemistry (RSC)
38092323,Genomics,10.1016/j.ygeno.2023.110761,Elsevier BV
21875596,J Mol Biol,10.1016/j.jmb.2011.08.034,Elsevier BV
16514659,J Cell Biochem,10.1002/jcb.20869,Wiley
21569817,Food Chem Toxicol,10.1016/j.fct.2011.04.034,Elsevier BV
24289149,Vet Dermatol,10.1111/vde.12093,Wiley
25617208,J Mol Model,10.1007/s00894-014-2556-2,Springer Science and Business Media LLC
28922415,PLoS Pathog,10.1371/journal.ppat.1006632,Public Library of Science (PLoS)
26070559,J Biol Chem,10.1074/jbc.M115.637389,Elsevier BV
29313971,Int J Cancer,10.1002/ijc.31244,Wiley
26889679,PLoS Biol,10.1371/journal.pbio.1002366,Public Library of Science (PLoS)
21403644,Lab Invest,10.1038/labinvest.2011.43,Elsevier BV
17472959,J Biol Chem,10.1074/jbc.M702906200,Elsevier BV
33872658,Dev Comp Immunol,10.1016/j.dci.2021.104105,Elsevier BV
12894873,Arch Immunol Ther Exp (Warsz),,
33929896,Am J Physiol Heart Circ Physiol,10.1152/ajpheart.00798.2020,American Physiological Society
30265660,PLoS Genet,10.1371/journal.pgen.1007693,Public Library of Science (PLoS)
19524299,Mol Immunol,10.1016/j.molimm.2009.04.036,Elsevier BV
25130703,Int J Med Microbiol,10.1016/j.ijmm.2014.07.007,Elsevier BV
21968275,Med Hypotheses,10.1016/j.mehy.2011.09.028,Elsevier BV
